{
  "x-generator": "NSwag v13.9.4.0 (NJsonSchema v10.3.1.0 (Newtonsoft.Json v12.0.0.0))",
  "openapi": "3.0.0",
  "info": {
    "title": "QueR Backoffice API",
    "description": "QueR Backoffice API documentation for development purposes.",
    "version": "1.0.0"
  },
  "paths": {
    "/api/Identity/login": {
      "post": {
        "tags": [
          "Identity"
        ],
        "operationId": "Identity_Login",
        "requestBody": {
          "x-name": "model",
          "content": {
            "application/json": {
              "schema": {
                "$ref": "#/components/schemas/LoginModel"
              }
            }
          },
          "required": true,
          "x-position": 1
        },
        "responses": {
          "400": {
            "description": "",
            "content": {
              "application/json": {
                "schema": {
                  "$ref": "#/components/schemas/ErrorDetails"
                }
              }
            }
          },
          "401": {
            "description": "",
            "content": {
              "application/json": {
                "schema": {
                  "$ref": "#/components/schemas/ErrorDetails"
                }
              }
            }
          },
          "403": {
            "description": "",
            "content": {
              "application/json": {
                "schema": {
                  "$ref": "#/components/schemas/ErrorDetails"
                }
              }
            }
          },
          "404": {
            "description": "",
            "content": {
              "application/json": {
                "schema": {
                  "$ref": "#/components/schemas/ErrorDetails"
                }
              }
            }
          },
          "default": {
            "description": "",
            "content": {
              "application/json": {
                "schema": {
                  "$ref": "#/components/schemas/LoginResponse"
                }
              }
            }
          }
        }
      }
    },
    "/api/Identity/register": {
      "post": {
        "tags": [
          "Identity"
        ],
        "operationId": "Identity_Register",
        "requestBody": {
          "x-name": "model",
          "content": {
            "application/json": {
              "schema": {
                "$ref": "#/components/schemas/RegisterModel"
              }
            }
          },
          "required": true,
          "x-position": 1
        },
        "responses": {
          "400": {
            "description": "",
            "content": {
              "application/json": {
                "schema": {
                  "$ref": "#/components/schemas/ErrorDetails"
                }
              }
            }
          },
          "401": {
            "description": "",
            "content": {
              "application/json": {
                "schema": {
                  "$ref": "#/components/schemas/ErrorDetails"
                }
              }
            }
          },
          "403": {
            "description": "",
            "content": {
              "application/json": {
                "schema": {
                  "$ref": "#/components/schemas/ErrorDetails"
                }
              }
            }
          },
          "404": {
            "description": "",
            "content": {
              "application/json": {
                "schema": {
                  "$ref": "#/components/schemas/ErrorDetails"
                }
              }
            }
          },
          "default": {
            "description": "",
            "content": {
              "application/json": {
                "schema": {
                  "$ref": "#/components/schemas/RegisterResponse"
                }
              }
            }
          }
        }
      }
    },
    "/api/Identity/update": {
      "put": {
        "tags": [
          "Identity"
        ],
        "operationId": "Identity_UpdateUser",
        "requestBody": {
          "x-name": "model",
          "content": {
            "application/json": {
              "schema": {
                "$ref": "#/components/schemas/UpdateUserModel"
              }
            }
          },
          "required": true,
          "x-position": 1
        },
        "responses": {
          "400": {
            "description": "",
            "content": {
              "application/json": {
                "schema": {
                  "$ref": "#/components/schemas/ErrorDetails"
                }
              }
            }
          },
          "401": {
            "description": "",
            "content": {
              "application/json": {
                "schema": {
                  "$ref": "#/components/schemas/ErrorDetails"
                }
              }
            }
          },
          "403": {
            "description": "",
            "content": {
              "application/json": {
                "schema": {
                  "$ref": "#/components/schemas/ErrorDetails"
                }
              }
            }
          },
          "404": {
            "description": "",
            "content": {
              "application/json": {
                "schema": {
                  "$ref": "#/components/schemas/ErrorDetails"
                }
              }
            }
          }
        }
      }
    },
    "/api/Identity/tickets": {
      "get": {
        "tags": [
          "Identity"
        ],
        "operationId": "Identity_GetOwnTicketsForUser",
        "responses": {
          "400": {
            "description": "",
            "content": {
              "application/json": {
                "schema": {
                  "$ref": "#/components/schemas/ErrorDetails"
                }
              }
            }
          },
          "401": {
            "description": "",
            "content": {
              "application/json": {
                "schema": {
                  "$ref": "#/components/schemas/ErrorDetails"
                }
              }
            }
          },
          "403": {
            "description": "",
            "content": {
              "application/json": {
                "schema": {
                  "$ref": "#/components/schemas/ErrorDetails"
                }
              }
            }
          },
          "404": {
            "description": "",
            "content": {
              "application/json": {
                "schema": {
                  "$ref": "#/components/schemas/ErrorDetails"
                }
              }
            }
          },
          "default": {
            "description": "",
            "content": {
              "application/json": {
                "schema": {
                  "type": "array",
                  "items": {
                    "$ref": "#/components/schemas/UserTicketDto"
                  }
                }
              }
            }
          }
        }
      }
    },
    "/api/backoffice/Companies": {
      "post": {
        "tags": [
          "Companies"
        ],
        "operationId": "Companies_CreateCompany",
        "requestBody": {
          "x-name": "model",
          "content": {
            "application/json": {
              "schema": {
                "$ref": "#/components/schemas/CompanyModel"
              }
            }
          },
          "required": true,
          "x-position": 1
        },
        "responses": {
          "400": {
            "description": "",
            "content": {
              "application/json": {
                "schema": {
                  "$ref": "#/components/schemas/ErrorDetails"
                }
              }
            }
          },
          "401": {
            "description": "",
            "content": {
              "application/json": {
                "schema": {
                  "$ref": "#/components/schemas/ErrorDetails"
                }
              }
            }
          },
          "403": {
            "description": "",
            "content": {
              "application/json": {
                "schema": {
                  "$ref": "#/components/schemas/ErrorDetails"
                }
              }
            }
          },
          "404": {
            "description": "",
            "content": {
              "application/json": {
                "schema": {
                  "$ref": "#/components/schemas/ErrorDetails"
                }
              }
            }
          },
          "default": {
            "description": "",
            "content": {
              "application/json": {
                "schema": {
                  "$ref": "#/components/schemas/CompanyDto"
                }
              }
            }
          }
        }
      },
      "get": {
        "tags": [
          "Companies"
        ],
        "operationId": "Companies_GetCompanies",
        "responses": {
          "400": {
            "description": "",
            "content": {
              "application/json": {
                "schema": {
                  "$ref": "#/components/schemas/ErrorDetails"
                }
              }
            }
          },
          "401": {
            "description": "",
            "content": {
              "application/json": {
                "schema": {
                  "$ref": "#/components/schemas/ErrorDetails"
                }
              }
            }
          },
          "403": {
            "description": "",
            "content": {
              "application/json": {
                "schema": {
                  "$ref": "#/components/schemas/ErrorDetails"
                }
              }
            }
          },
          "404": {
            "description": "",
            "content": {
              "application/json": {
                "schema": {
                  "$ref": "#/components/schemas/ErrorDetails"
                }
              }
            }
          },
          "default": {
            "description": "",
            "content": {
              "application/json": {
                "schema": {
                  "type": "array",
                  "items": {
                    "$ref": "#/components/schemas/CompanyDto"
                  }
                }
              }
            }
          }
        }
      }
    },
    "/api/backoffice/Companies/{companyId}/admin/{adminId}": {
      "get": {
        "tags": [
          "Companies"
        ],
        "operationId": "Companies_AssignAdminToCompany",
        "parameters": [
          {
            "name": "companyId",
            "in": "path",
            "required": true,
            "schema": {
              "type": "integer",
              "format": "int32"
            },
            "x-position": 1
          },
          {
            "name": "adminId",
            "in": "path",
            "required": true,
            "schema": {
              "type": "integer",
              "format": "int32"
            },
            "x-position": 2
          }
        ],
        "responses": {
          "400": {
            "description": "",
            "content": {
              "application/json": {
                "schema": {
                  "$ref": "#/components/schemas/ErrorDetails"
                }
              }
            }
          },
          "401": {
            "description": "",
            "content": {
              "application/json": {
                "schema": {
                  "$ref": "#/components/schemas/ErrorDetails"
                }
              }
            }
          },
          "403": {
            "description": "",
            "content": {
              "application/json": {
                "schema": {
                  "$ref": "#/components/schemas/ErrorDetails"
                }
              }
            }
          },
          "404": {
            "description": "",
            "content": {
              "application/json": {
                "schema": {
                  "$ref": "#/components/schemas/ErrorDetails"
                }
              }
            }
          }
        }
      }
    },
    "/api/backoffice/Companies/{companyId}/admin": {
      "delete": {
        "tags": [
          "Companies"
        ],
        "operationId": "Companies_RemoveAdminOfCompany",
        "parameters": [
          {
            "name": "companyId",
            "in": "path",
            "required": true,
            "schema": {
              "type": "integer",
              "format": "int32"
            },
            "x-position": 1
          }
        ],
        "responses": {
          "400": {
            "description": "",
            "content": {
              "application/json": {
                "schema": {
                  "$ref": "#/components/schemas/ErrorDetails"
                }
              }
            }
          },
          "401": {
            "description": "",
            "content": {
              "application/json": {
                "schema": {
                  "$ref": "#/components/schemas/ErrorDetails"
                }
              }
            }
          },
          "403": {
            "description": "",
            "content": {
              "application/json": {
                "schema": {
                  "$ref": "#/components/schemas/ErrorDetails"
                }
              }
            }
          },
          "404": {
            "description": "",
            "content": {
              "application/json": {
                "schema": {
                  "$ref": "#/components/schemas/ErrorDetails"
                }
              }
            }
          }
        }
      }
    },
    "/api/backoffice/Companies/{companyId}": {
      "put": {
        "tags": [
          "Companies"
        ],
        "operationId": "Companies_UpdateCompany",
        "parameters": [
          {
            "name": "companyId",
            "in": "path",
            "required": true,
            "schema": {
              "type": "integer",
              "format": "int32"
            },
            "x-position": 1
          }
        ],
        "requestBody": {
          "x-name": "model",
          "content": {
            "application/json": {
              "schema": {
                "$ref": "#/components/schemas/CompanyModel"
              }
            }
          },
          "required": true,
          "x-position": 2
        },
        "responses": {
          "400": {
            "description": "",
            "content": {
              "application/json": {
                "schema": {
                  "$ref": "#/components/schemas/ErrorDetails"
                }
              }
            }
          },
          "401": {
            "description": "",
            "content": {
              "application/json": {
                "schema": {
                  "$ref": "#/components/schemas/ErrorDetails"
                }
              }
            }
          },
          "403": {
            "description": "",
            "content": {
              "application/json": {
                "schema": {
                  "$ref": "#/components/schemas/ErrorDetails"
                }
              }
            }
          },
          "404": {
            "description": "",
            "content": {
              "application/json": {
                "schema": {
                  "$ref": "#/components/schemas/ErrorDetails"
                }
              }
            }
          }
        }
      }
    },
    "/api/backoffice/Companies/current/employees": {
      "get": {
        "tags": [
          "Companies"
        ],
        "operationId": "Companies_GetEmployeesOfOwnCompany",
        "responses": {
          "400": {
            "description": "",
            "content": {
              "application/json": {
                "schema": {
                  "$ref": "#/components/schemas/ErrorDetails"
                }
              }
            }
          },
          "401": {
            "description": "",
            "content": {
              "application/json": {
                "schema": {
                  "$ref": "#/components/schemas/ErrorDetails"
                }
              }
            }
          },
          "403": {
            "description": "",
            "content": {
              "application/json": {
                "schema": {
                  "$ref": "#/components/schemas/ErrorDetails"
                }
              }
            }
          },
          "404": {
            "description": "",
            "content": {
              "application/json": {
                "schema": {
                  "$ref": "#/components/schemas/ErrorDetails"
                }
              }
            }
          },
          "default": {
            "description": "",
            "content": {
              "application/json": {
                "schema": {
                  "type": "array",
                  "items": {
                    "$ref": "#/components/schemas/EmployeeDto"
                  }
                }
              }
            }
          }
        }
      }
    },
    "/api/backoffice/Companies/current/managers": {
      "get": {
        "tags": [
          "Companies"
        ],
        "operationId": "Companies_GetManagersOfOwnCompany",
        "responses": {
          "400": {
            "description": "",
            "content": {
              "application/json": {
                "schema": {
                  "$ref": "#/components/schemas/ErrorDetails"
                }
              }
            }
          },
          "401": {
            "description": "",
            "content": {
              "application/json": {
                "schema": {
                  "$ref": "#/components/schemas/ErrorDetails"
                }
              }
            }
          },
          "403": {
            "description": "",
            "content": {
              "application/json": {
                "schema": {
                  "$ref": "#/components/schemas/ErrorDetails"
                }
              }
            }
          },
          "404": {
            "description": "",
            "content": {
              "application/json": {
                "schema": {
                  "$ref": "#/components/schemas/ErrorDetails"
                }
              }
            }
          },
          "default": {
            "description": "",
            "content": {
              "application/json": {
                "schema": {
                  "type": "array",
                  "items": {
                    "$ref": "#/components/schemas/ManagerDto"
                  }
                }
              }
            }
          }
        }
      }
    },
    "/api/backoffice/Companies/current/queuetypes": {
      "get": {
        "tags": [
          "Companies"
        ],
        "operationId": "Companies_GetQueueTypes",
        "responses": {
          "400": {
            "description": "",
            "content": {
              "application/json": {
                "schema": {
                  "$ref": "#/components/schemas/ErrorDetails"
                }
              }
            }
          },
          "401": {
            "description": "",
            "content": {
              "application/json": {
                "schema": {
                  "$ref": "#/components/schemas/ErrorDetails"
                }
              }
            }
          },
          "403": {
            "description": "",
            "content": {
              "application/json": {
                "schema": {
                  "$ref": "#/components/schemas/ErrorDetails"
                }
              }
            }
          },
          "404": {
            "description": "",
            "content": {
              "application/json": {
                "schema": {
                  "$ref": "#/components/schemas/ErrorDetails"
                }
              }
            }
          },
          "default": {
            "description": "",
            "content": {
              "application/json": {
                "schema": {
                  "type": "array",
                  "items": {
                    "$ref": "#/components/schemas/QueueTypeDto"
                  }
                }
              }
            }
          }
        }
      }
    },
    "/api/backoffice/Companies/current/sites": {
      "get": {
        "tags": [
          "Companies"
        ],
        "operationId": "Companies_GetSitesForOwnCompany",
        "responses": {
          "400": {
            "description": "",
            "content": {
              "application/json": {
                "schema": {
                  "$ref": "#/components/schemas/ErrorDetails"
                }
              }
            }
          },
          "401": {
            "description": "",
            "content": {
              "application/json": {
                "schema": {
                  "$ref": "#/components/schemas/ErrorDetails"
                }
              }
            }
          },
          "403": {
            "description": "",
            "content": {
              "application/json": {
                "schema": {
                  "$ref": "#/components/schemas/ErrorDetails"
                }
              }
            }
          },
          "404": {
            "description": "",
            "content": {
              "application/json": {
                "schema": {
                  "$ref": "#/components/schemas/ErrorDetails"
                }
              }
            }
          },
          "default": {
            "description": "",
            "content": {
              "application/json": {
                "schema": {
                  "type": "array",
                  "items": {
                    "$ref": "#/components/schemas/SiteDto"
                  }
                }
              }
            }
          }
        }
      }
    },
    "/api/backoffice/Queues": {
      "post": {
        "tags": [
          "Queues"
        ],
        "operationId": "Queues_CreateQueue",
        "requestBody": {
          "x-name": "model",
          "content": {
            "application/json": {
              "schema": {
                "$ref": "#/components/schemas/QueueModel"
              }
            }
          },
          "required": true,
          "x-position": 1
        },
        "responses": {
          "400": {
            "description": "",
            "content": {
              "application/json": {
                "schema": {
                  "$ref": "#/components/schemas/ErrorDetails"
                }
              }
            }
          },
          "401": {
            "description": "",
            "content": {
              "application/json": {
                "schema": {
                  "$ref": "#/components/schemas/ErrorDetails"
                }
              }
            }
          },
          "403": {
            "description": "",
            "content": {
              "application/json": {
                "schema": {
                  "$ref": "#/components/schemas/ErrorDetails"
                }
              }
            }
          },
          "404": {
            "description": "",
            "content": {
              "application/json": {
                "schema": {
                  "$ref": "#/components/schemas/ErrorDetails"
                }
              }
            }
          },
          "default": {
            "description": "",
            "content": {
              "application/json": {
                "schema": {
                  "$ref": "#/components/schemas/QueueDto"
                }
              }
            }
          }
        }
      }
    },
    "/api/backoffice/Queues/{queueId}": {
      "put": {
        "tags": [
          "Queues"
        ],
        "operationId": "Queues_UpdateQueue",
        "parameters": [
          {
            "name": "queueId",
            "in": "path",
            "required": true,
            "schema": {
              "type": "integer",
              "format": "int32"
            },
            "x-position": 1
          }
        ],
        "requestBody": {
          "x-name": "model",
          "content": {
            "application/json": {
              "schema": {
                "$ref": "#/components/schemas/QueueModel"
              }
            }
          },
          "required": true,
          "x-position": 2
        },
        "responses": {
          "400": {
            "description": "",
            "content": {
              "application/json": {
                "schema": {
                  "$ref": "#/components/schemas/ErrorDetails"
                }
              }
            }
          },
          "401": {
            "description": "",
            "content": {
              "application/json": {
                "schema": {
                  "$ref": "#/components/schemas/ErrorDetails"
                }
              }
            }
          },
          "403": {
            "description": "",
            "content": {
              "application/json": {
                "schema": {
                  "$ref": "#/components/schemas/ErrorDetails"
                }
              }
            }
          },
          "404": {
            "description": "",
            "content": {
              "application/json": {
                "schema": {
                  "$ref": "#/components/schemas/ErrorDetails"
                }
              }
            }
          }
        }
      },
      "get": {
        "tags": [
          "Queues"
        ],
        "operationId": "Queues_GetDetailsOfQueue",
        "parameters": [
          {
            "name": "queueId",
            "in": "path",
            "required": true,
            "schema": {
              "type": "integer",
              "format": "int32"
            },
            "x-position": 1
          }
        ],
        "responses": {
          "400": {
            "description": "",
            "content": {
              "application/json": {
                "schema": {
                  "$ref": "#/components/schemas/ErrorDetails"
                }
              }
            }
          },
          "401": {
            "description": "",
            "content": {
              "application/json": {
                "schema": {
                  "$ref": "#/components/schemas/ErrorDetails"
                }
              }
            }
          },
          "403": {
            "description": "",
            "content": {
              "application/json": {
                "schema": {
                  "$ref": "#/components/schemas/ErrorDetails"
                }
              }
            }
          },
          "404": {
            "description": "",
            "content": {
              "application/json": {
                "schema": {
                  "$ref": "#/components/schemas/ErrorDetails"
                }
              }
            }
          },
          "default": {
            "description": "",
            "content": {
              "application/json": {
                "schema": {
                  "$ref": "#/components/schemas/QueueDto"
                }
              }
            }
          }
        }
      }
    },
    "/api/backoffice/Queues/{queueId}/employees/{employeeId}": {
      "get": {
        "tags": [
          "Queues"
        ],
        "operationId": "Queues_AssignEmployeeToQueue",
        "parameters": [
          {
            "name": "queueId",
            "in": "path",
            "required": true,
            "schema": {
              "type": "integer",
              "format": "int32"
            },
            "x-position": 1
          },
          {
            "name": "employeeId",
            "in": "path",
            "required": true,
            "schema": {
              "type": "integer",
              "format": "int32"
            },
            "x-position": 2
          }
        ],
        "responses": {
          "400": {
            "description": "",
            "content": {
              "application/json": {
                "schema": {
                  "$ref": "#/components/schemas/ErrorDetails"
                }
              }
            }
          },
          "401": {
            "description": "",
            "content": {
              "application/json": {
                "schema": {
                  "$ref": "#/components/schemas/ErrorDetails"
                }
              }
            }
          },
          "403": {
            "description": "",
            "content": {
              "application/json": {
                "schema": {
                  "$ref": "#/components/schemas/ErrorDetails"
                }
              }
            }
          },
          "404": {
            "description": "",
            "content": {
              "application/json": {
                "schema": {
                  "$ref": "#/components/schemas/ErrorDetails"
                }
              }
            }
          }
        }
      }
    },
    "/api/backoffice/Queues/{queueId}/employees/{employeesId}": {
      "delete": {
        "tags": [
          "Queues"
        ],
        "operationId": "Queues_RemoveEmployeeFromQueue",
        "parameters": [
          {
            "name": "queueId",
            "in": "path",
            "required": true,
            "schema": {
              "type": "integer",
              "format": "int32"
            },
            "x-position": 1
          },
          {
            "name": "employeesId",
            "in": "path",
            "required": true,
            "schema": {
              "type": "integer",
              "format": "int32"
            },
            "x-position": 2
          }
        ],
        "responses": {
          "400": {
            "description": "",
            "content": {
              "application/json": {
                "schema": {
                  "$ref": "#/components/schemas/ErrorDetails"
                }
              }
            }
          },
          "401": {
            "description": "",
            "content": {
              "application/json": {
                "schema": {
                  "$ref": "#/components/schemas/ErrorDetails"
                }
              }
            }
          },
          "403": {
            "description": "",
            "content": {
              "application/json": {
                "schema": {
                  "$ref": "#/components/schemas/ErrorDetails"
                }
              }
            }
          },
          "404": {
            "description": "",
            "content": {
              "application/json": {
                "schema": {
                  "$ref": "#/components/schemas/ErrorDetails"
                }
              }
            }
          }
        }
      }
    },
    "/api/backoffice/Queues/{queueId}/employees": {
      "get": {
        "tags": [
          "Queues"
        ],
        "operationId": "Queues_GetEmployeesOfQueue",
        "parameters": [
          {
            "name": "queueId",
            "in": "path",
            "required": true,
            "schema": {
              "type": "integer",
              "format": "int32"
            },
            "x-position": 1
          }
        ],
        "responses": {
          "400": {
            "description": "",
            "content": {
              "application/json": {
                "schema": {
                  "$ref": "#/components/schemas/ErrorDetails"
                }
              }
            }
          },
          "401": {
            "description": "",
            "content": {
              "application/json": {
                "schema": {
                  "$ref": "#/components/schemas/ErrorDetails"
                }
              }
            }
          },
          "403": {
            "description": "",
            "content": {
              "application/json": {
                "schema": {
                  "$ref": "#/components/schemas/ErrorDetails"
                }
              }
            }
          },
          "404": {
            "description": "",
            "content": {
              "application/json": {
                "schema": {
                  "$ref": "#/components/schemas/ErrorDetails"
                }
              }
            }
          },
          "default": {
            "description": "",
            "content": {
              "application/json": {
                "schema": {
                  "type": "array",
                  "items": {
                    "$ref": "#/components/schemas/EmployeeDto"
                  }
                }
              }
            }
          }
        }
      }
    },
    "/api/backoffice/Queues/current": {
      "get": {
        "tags": [
          "Queues"
        ],
        "operationId": "Queues_GetDetailsOfAssignedQueue",
        "responses": {
          "400": {
            "description": "",
            "content": {
              "application/json": {
                "schema": {
                  "$ref": "#/components/schemas/ErrorDetails"
                }
              }
            }
          },
          "401": {
            "description": "",
            "content": {
              "application/json": {
                "schema": {
                  "$ref": "#/components/schemas/ErrorDetails"
                }
              }
            }
          },
          "403": {
            "description": "",
            "content": {
              "application/json": {
                "schema": {
                  "$ref": "#/components/schemas/ErrorDetails"
                }
              }
            }
          },
          "404": {
            "description": "",
            "content": {
              "application/json": {
                "schema": {
                  "$ref": "#/components/schemas/ErrorDetails"
                }
              }
            }
          },
          "default": {
            "description": "",
            "content": {
              "application/json": {
                "schema": {
                  "$ref": "#/components/schemas/QueueDto"
                }
              }
            }
          }
        }
      }
    },
    "/api/backoffice/Queues/current/tickets": {
      "get": {
        "tags": [
          "Queues"
        ],
        "operationId": "Queues_GetActiveTicketsForOwnQueue",
        "responses": {
          "400": {
            "description": "",
            "content": {
              "application/json": {
                "schema": {
                  "$ref": "#/components/schemas/ErrorDetails"
                }
              }
            }
          },
          "401": {
            "description": "",
            "content": {
              "application/json": {
                "schema": {
                  "$ref": "#/components/schemas/ErrorDetails"
                }
              }
            }
          },
          "403": {
            "description": "",
            "content": {
              "application/json": {
                "schema": {
                  "$ref": "#/components/schemas/ErrorDetails"
                }
              }
            }
          },
          "404": {
            "description": "",
            "content": {
              "application/json": {
                "schema": {
                  "$ref": "#/components/schemas/ErrorDetails"
                }
              }
            }
          },
          "default": {
            "description": "",
            "content": {
              "application/json": {
                "schema": {
                  "type": "array",
                  "items": {
                    "$ref": "#/components/schemas/CompanyTicketDto"
                  }
                }
              }
            }
          }
        }
      }
    },
    "/api/backoffice/Queues/current/tickets/next": {
      "get": {
        "tags": [
          "Queues"
        ],
        "operationId": "Queues_CallNextTicket",
        "responses": {
          "400": {
            "description": "",
            "content": {
              "application/json": {
                "schema": {
                  "$ref": "#/components/schemas/ErrorDetails"
                }
              }
            }
          },
          "401": {
            "description": "",
            "content": {
              "application/json": {
                "schema": {
                  "$ref": "#/components/schemas/ErrorDetails"
                }
              }
            }
          },
          "403": {
            "description": "",
            "content": {
              "application/json": {
                "schema": {
                  "$ref": "#/components/schemas/ErrorDetails"
                }
              }
            }
          },
          "404": {
            "description": "",
            "content": {
              "application/json": {
                "schema": {
                  "$ref": "#/components/schemas/ErrorDetails"
                }
              }
            }
          }
        }
      }
    },
    "/api/backoffice/Queues/current/tickets/{ticketNumber}": {
      "get": {
        "tags": [
          "Queues"
        ],
        "operationId": "Queues_CallTicketByNumber",
        "parameters": [
          {
            "name": "ticketNumber",
            "in": "path",
            "required": true,
            "schema": {
              "type": "integer",
              "format": "int32"
            },
            "x-position": 1
          }
        ],
        "responses": {
          "400": {
            "description": "",
            "content": {
              "application/json": {
                "schema": {
                  "$ref": "#/components/schemas/ErrorDetails"
                }
              }
            }
          },
          "401": {
            "description": "",
            "content": {
              "application/json": {
                "schema": {
                  "$ref": "#/components/schemas/ErrorDetails"
                }
              }
            }
          },
          "403": {
            "description": "",
            "content": {
              "application/json": {
                "schema": {
                  "$ref": "#/components/schemas/ErrorDetails"
                }
              }
            }
          },
          "404": {
            "description": "",
            "content": {
              "application/json": {
                "schema": {
                  "$ref": "#/components/schemas/ErrorDetails"
                }
              }
            }
          }
        }
      }
    },
    "/api/backoffice/QueueTypes": {
      "post": {
        "tags": [
          "QueueTypes"
        ],
        "operationId": "QueueTypes_CreateQueueType",
        "requestBody": {
          "x-name": "model",
          "content": {
            "application/json": {
              "schema": {
                "$ref": "#/components/schemas/QueueTypeModel"
              }
            }
          },
          "required": true,
          "x-position": 1
        },
        "responses": {
          "400": {
            "description": "",
            "content": {
              "application/json": {
                "schema": {
                  "$ref": "#/components/schemas/ErrorDetails"
                }
              }
            }
          },
          "401": {
            "description": "",
            "content": {
              "application/json": {
                "schema": {
                  "$ref": "#/components/schemas/ErrorDetails"
                }
              }
            }
          },
          "403": {
            "description": "",
            "content": {
              "application/json": {
                "schema": {
                  "$ref": "#/components/schemas/ErrorDetails"
                }
              }
            }
          },
          "404": {
            "description": "",
            "content": {
              "application/json": {
                "schema": {
                  "$ref": "#/components/schemas/ErrorDetails"
                }
              }
            }
          },
          "default": {
            "description": "",
            "content": {
              "application/json": {
                "schema": {
                  "$ref": "#/components/schemas/QueueTypeDto"
                }
              }
            }
          }
        }
      }
    },
    "/api/backoffice/QueueTypes/{queueTypeId}": {
      "put": {
        "tags": [
          "QueueTypes"
        ],
        "operationId": "QueueTypes_UpdateQueueType",
        "parameters": [
          {
            "name": "queueTypeId",
            "in": "path",
            "required": true,
            "schema": {
              "type": "integer",
              "format": "int32"
            },
            "x-position": 1
          }
        ],
        "requestBody": {
          "x-name": "model",
          "content": {
            "application/json": {
              "schema": {
                "$ref": "#/components/schemas/QueueTypeModel"
              }
            }
          },
          "required": true,
          "x-position": 2
        },
        "responses": {
          "400": {
            "description": "",
            "content": {
              "application/json": {
                "schema": {
                  "$ref": "#/components/schemas/ErrorDetails"
                }
              }
            }
          },
          "401": {
            "description": "",
            "content": {
              "application/json": {
                "schema": {
                  "$ref": "#/components/schemas/ErrorDetails"
                }
              }
            }
          },
          "403": {
            "description": "",
            "content": {
              "application/json": {
                "schema": {
                  "$ref": "#/components/schemas/ErrorDetails"
                }
              }
            }
          },
          "404": {
            "description": "",
            "content": {
              "application/json": {
                "schema": {
                  "$ref": "#/components/schemas/ErrorDetails"
                }
              }
            }
          }
        }
      }
    },
    "/api/backoffice/Sites/{siteId}/manager/{managerId}": {
      "get": {
        "tags": [
          "Sites"
        ],
        "operationId": "Sites_AssignManagerToSite",
        "parameters": [
          {
            "name": "siteId",
            "in": "path",
            "required": true,
            "schema": {
              "type": "integer",
              "format": "int32"
            },
            "x-position": 1
          },
          {
            "name": "managerId",
            "in": "path",
            "required": true,
            "schema": {
              "type": "integer",
              "format": "int32"
            },
            "x-position": 2
          }
        ],
        "responses": {
          "400": {
            "description": "",
            "content": {
              "application/json": {
                "schema": {
                  "$ref": "#/components/schemas/ErrorDetails"
                }
              }
            }
          },
          "401": {
            "description": "",
            "content": {
              "application/json": {
                "schema": {
                  "$ref": "#/components/schemas/ErrorDetails"
                }
              }
            }
          },
          "403": {
            "description": "",
            "content": {
              "application/json": {
                "schema": {
                  "$ref": "#/components/schemas/ErrorDetails"
                }
              }
            }
          },
          "404": {
            "description": "",
            "content": {
              "application/json": {
                "schema": {
                  "$ref": "#/components/schemas/ErrorDetails"
                }
              }
            }
          }
        }
      }
    },
    "/api/backoffice/Sites": {
      "post": {
        "tags": [
          "Sites"
        ],
        "operationId": "Sites_CreateSite",
        "requestBody": {
          "x-name": "model",
          "content": {
            "application/json": {
              "schema": {
                "$ref": "#/components/schemas/SiteModel"
              }
            }
          },
          "required": true,
          "x-position": 1
        },
        "responses": {
          "400": {
            "description": "",
            "content": {
              "application/json": {
                "schema": {
                  "$ref": "#/components/schemas/ErrorDetails"
                }
              }
            }
          },
          "401": {
            "description": "",
            "content": {
              "application/json": {
                "schema": {
                  "$ref": "#/components/schemas/ErrorDetails"
                }
              }
            }
          },
          "403": {
            "description": "",
            "content": {
              "application/json": {
                "schema": {
                  "$ref": "#/components/schemas/ErrorDetails"
                }
              }
            }
          },
          "404": {
            "description": "",
            "content": {
              "application/json": {
                "schema": {
                  "$ref": "#/components/schemas/ErrorDetails"
                }
              }
            }
          },
          "default": {
            "description": "",
            "content": {
              "application/json": {
                "schema": {
                  "$ref": "#/components/schemas/SiteDto"
                }
              }
            }
          }
        }
      }
    },
    "/api/backoffice/Sites/{siteId}/employees/{employeeId}": {
      "get": {
        "tags": [
          "Sites"
        ],
        "operationId": "Sites_AssignWorkerToSite",
        "parameters": [
          {
            "name": "siteId",
            "in": "path",
            "required": true,
            "schema": {
              "type": "integer",
              "format": "int32"
            },
            "x-position": 1
          },
          {
            "name": "employeeId",
            "in": "path",
            "required": true,
            "schema": {
              "type": "integer",
              "format": "int32"
            },
            "x-position": 2
          }
        ],
        "responses": {
          "400": {
            "description": "",
            "content": {
              "application/json": {
                "schema": {
                  "$ref": "#/components/schemas/ErrorDetails"
                }
              }
            }
          },
          "401": {
            "description": "",
            "content": {
              "application/json": {
                "schema": {
                  "$ref": "#/components/schemas/ErrorDetails"
                }
              }
            }
          },
          "403": {
            "description": "",
            "content": {
              "application/json": {
                "schema": {
                  "$ref": "#/components/schemas/ErrorDetails"
                }
              }
            }
          },
          "404": {
            "description": "",
            "content": {
              "application/json": {
                "schema": {
                  "$ref": "#/components/schemas/ErrorDetails"
                }
              }
            }
          }
        }
      },
      "delete": {
        "tags": [
          "Sites"
        ],
        "operationId": "Sites_RemoveEmployeeOfSite",
        "parameters": [
          {
            "name": "siteId",
            "in": "path",
            "required": true,
            "schema": {
              "type": "integer",
              "format": "int32"
            },
            "x-position": 1
          },
          {
            "name": "employeeId",
            "in": "path",
            "required": true,
            "schema": {
              "type": "integer",
              "format": "int32"
            },
            "x-position": 2
          }
        ],
        "responses": {
          "400": {
            "description": "",
            "content": {
              "application/json": {
                "schema": {
                  "$ref": "#/components/schemas/ErrorDetails"
                }
              }
            }
          },
          "401": {
            "description": "",
            "content": {
              "application/json": {
                "schema": {
                  "$ref": "#/components/schemas/ErrorDetails"
                }
              }
            }
          },
          "403": {
            "description": "",
            "content": {
              "application/json": {
                "schema": {
                  "$ref": "#/components/schemas/ErrorDetails"
                }
              }
            }
          },
          "404": {
            "description": "",
            "content": {
              "application/json": {
                "schema": {
                  "$ref": "#/components/schemas/ErrorDetails"
                }
              }
            }
          }
        }
      }
    },
    "/api/backoffice/Sites/{siteId}/employees": {
      "get": {
        "tags": [
          "Sites"
        ],
        "operationId": "Sites_GetEmployeesOfSite",
        "parameters": [
          {
            "name": "siteId",
            "in": "path",
            "required": true,
            "schema": {
              "type": "integer",
              "format": "int32"
            },
            "x-position": 1
          }
        ],
        "responses": {
          "400": {
            "description": "",
            "content": {
              "application/json": {
                "schema": {
                  "$ref": "#/components/schemas/ErrorDetails"
                }
              }
            }
          },
          "401": {
            "description": "",
            "content": {
              "application/json": {
                "schema": {
                  "$ref": "#/components/schemas/ErrorDetails"
                }
              }
            }
          },
          "403": {
            "description": "",
            "content": {
              "application/json": {
                "schema": {
                  "$ref": "#/components/schemas/ErrorDetails"
                }
              }
            }
          },
          "404": {
            "description": "",
            "content": {
              "application/json": {
                "schema": {
                  "$ref": "#/components/schemas/ErrorDetails"
                }
              }
            }
          },
          "default": {
            "description": "",
            "content": {
              "application/json": {
                "schema": {
                  "type": "array",
                  "items": {
                    "$ref": "#/components/schemas/EmployeeDto"
                  }
                }
              }
            }
          }
        }
      }
    },
    "/api/backoffice/Sites/{siteId}/manager": {
      "delete": {
        "tags": [
          "Sites"
        ],
        "operationId": "Sites_RemoveManagerFromSite",
        "parameters": [
          {
            "name": "siteId",
            "in": "path",
            "required": true,
            "schema": {
              "type": "integer",
              "format": "int32"
            },
            "x-position": 1
          }
        ],
        "responses": {
          "400": {
            "description": "",
            "content": {
              "application/json": {
                "schema": {
                  "$ref": "#/components/schemas/ErrorDetails"
                }
              }
            }
          },
          "401": {
            "description": "",
            "content": {
              "application/json": {
                "schema": {
                  "$ref": "#/components/schemas/ErrorDetails"
                }
              }
            }
          },
          "403": {
            "description": "",
            "content": {
              "application/json": {
                "schema": {
                  "$ref": "#/components/schemas/ErrorDetails"
                }
              }
            }
          },
          "404": {
            "description": "",
            "content": {
              "application/json": {
                "schema": {
                  "$ref": "#/components/schemas/ErrorDetails"
                }
              }
            }
          }
        }
      }
    },
    "/api/backoffice/Sites/{siteId}": {
      "put": {
        "tags": [
          "Sites"
        ],
        "operationId": "Sites_UpdateSite",
        "parameters": [
          {
            "name": "siteId",
            "in": "path",
            "required": true,
            "schema": {
              "type": "integer",
              "format": "int32"
            },
            "x-position": 1
          }
        ],
        "requestBody": {
          "x-name": "model",
          "content": {
            "application/json": {
              "schema": {
                "$ref": "#/components/schemas/SiteModel"
              }
            }
          },
          "required": true,
          "x-position": 2
        },
        "responses": {
          "400": {
            "description": "",
            "content": {
              "application/json": {
                "schema": {
                  "$ref": "#/components/schemas/ErrorDetails"
                }
              }
            }
          },
          "401": {
            "description": "",
            "content": {
              "application/json": {
                "schema": {
                  "$ref": "#/components/schemas/ErrorDetails"
                }
              }
            }
          },
          "403": {
            "description": "",
            "content": {
              "application/json": {
                "schema": {
                  "$ref": "#/components/schemas/ErrorDetails"
                }
              }
            }
          },
          "404": {
            "description": "",
            "content": {
              "application/json": {
                "schema": {
                  "$ref": "#/components/schemas/ErrorDetails"
                }
              }
            }
          }
        }
      }
    },
    "/api/backoffice/Sites/current/employees": {
      "get": {
        "tags": [
          "Sites"
        ],
        "operationId": "Sites_GetOwnEmployees",
        "responses": {
          "400": {
            "description": "",
            "content": {
              "application/json": {
                "schema": {
                  "$ref": "#/components/schemas/ErrorDetails"
                }
              }
            }
          },
          "401": {
            "description": "",
            "content": {
              "application/json": {
                "schema": {
                  "$ref": "#/components/schemas/ErrorDetails"
                }
              }
            }
          },
          "403": {
            "description": "",
            "content": {
              "application/json": {
                "schema": {
                  "$ref": "#/components/schemas/ErrorDetails"
                }
              }
            }
          },
          "404": {
            "description": "",
            "content": {
              "application/json": {
                "schema": {
                  "$ref": "#/components/schemas/ErrorDetails"
                }
              }
            }
          },
          "default": {
            "description": "",
            "content": {
              "application/json": {
                "schema": {
                  "type": "array",
                  "items": {
                    "$ref": "#/components/schemas/EmployeeDto"
                  }
                }
              }
            }
          }
        }
      }
    },
    "/api/backoffice/Sites/current/queues": {
      "get": {
        "tags": [
          "Sites"
        ],
        "operationId": "Sites_GetQueuesForOwnWorksite",
        "responses": {
          "400": {
            "description": "",
            "content": {
              "application/json": {
                "schema": {
                  "$ref": "#/components/schemas/ErrorDetails"
                }
              }
            }
          },
          "401": {
            "description": "",
            "content": {
              "application/json": {
                "schema": {
                  "$ref": "#/components/schemas/ErrorDetails"
                }
              }
            }
          },
          "403": {
            "description": "",
            "content": {
              "application/json": {
                "schema": {
                  "$ref": "#/components/schemas/ErrorDetails"
                }
              }
            }
          },
          "404": {
            "description": "",
            "content": {
              "application/json": {
                "schema": {
                  "$ref": "#/components/schemas/ErrorDetails"
                }
              }
            }
          },
          "default": {
            "description": "",
            "content": {
              "application/json": {
                "schema": {
                  "type": "array",
                  "items": {
                    "$ref": "#/components/schemas/QueueDto"
                  }
                }
              }
            }
          }
        }
      }
    },
    "/api/backoffice/Users/admins": {
      "post": {
        "tags": [
          "Users"
        ],
        "operationId": "Users_CreateAdmin",
        "requestBody": {
          "x-name": "model",
          "content": {
            "application/json": {
              "schema": {
                "$ref": "#/components/schemas/CreateWorkerModel"
              }
            }
          },
          "required": true,
          "x-position": 1
        },
        "responses": {
          "400": {
            "description": "",
            "content": {
              "application/json": {
                "schema": {
                  "$ref": "#/components/schemas/ErrorDetails"
                }
              }
            }
          },
          "401": {
            "description": "",
            "content": {
              "application/json": {
                "schema": {
                  "$ref": "#/components/schemas/ErrorDetails"
                }
              }
            }
          },
          "403": {
            "description": "",
            "content": {
              "application/json": {
                "schema": {
                  "$ref": "#/components/schemas/ErrorDetails"
                }
              }
            }
          },
          "404": {
            "description": "",
            "content": {
              "application/json": {
                "schema": {
                  "$ref": "#/components/schemas/ErrorDetails"
                }
              }
            }
          },
          "default": {
            "description": "",
            "content": {
              "application/json": {
                "schema": {
                  "$ref": "#/components/schemas/AdministratorDto"
                }
              }
            }
          }
        }
      },
      "get": {
        "tags": [
          "Users"
        ],
        "operationId": "Users_GetAdmins",
        "responses": {
          "400": {
            "description": "",
            "content": {
              "application/json": {
                "schema": {
                  "$ref": "#/components/schemas/ErrorDetails"
                }
              }
            }
          },
          "401": {
            "description": "",
            "content": {
              "application/json": {
                "schema": {
                  "$ref": "#/components/schemas/ErrorDetails"
                }
              }
            }
          },
          "403": {
            "description": "",
            "content": {
              "application/json": {
                "schema": {
                  "$ref": "#/components/schemas/ErrorDetails"
                }
              }
            }
          },
          "404": {
            "description": "",
            "content": {
              "application/json": {
                "schema": {
                  "$ref": "#/components/schemas/ErrorDetails"
                }
              }
            }
          },
          "default": {
            "description": "",
            "content": {
              "application/json": {
                "schema": {
                  "type": "array",
                  "items": {
                    "$ref": "#/components/schemas/AdministratorDto"
                  }
                }
              }
            }
          }
        }
      }
    },
    "/api/backoffice/Users/employees": {
      "post": {
        "tags": [
          "Users"
        ],
        "operationId": "Users_CreateEmployee",
        "requestBody": {
          "x-name": "model",
          "content": {
            "application/json": {
              "schema": {
                "$ref": "#/components/schemas/CreateWorkerModel"
              }
            }
          },
          "required": true,
          "x-position": 1
        },
        "responses": {
          "400": {
            "description": "",
            "content": {
              "application/json": {
                "schema": {
                  "$ref": "#/components/schemas/ErrorDetails"
                }
              }
            }
          },
          "401": {
            "description": "",
            "content": {
              "application/json": {
                "schema": {
                  "$ref": "#/components/schemas/ErrorDetails"
                }
              }
            }
          },
          "403": {
            "description": "",
            "content": {
              "application/json": {
                "schema": {
                  "$ref": "#/components/schemas/ErrorDetails"
                }
              }
            }
          },
          "404": {
            "description": "",
            "content": {
              "application/json": {
                "schema": {
                  "$ref": "#/components/schemas/ErrorDetails"
                }
              }
            }
          },
          "default": {
            "description": "",
            "content": {
              "application/json": {
                "schema": {
                  "$ref": "#/components/schemas/EmployeeDto"
                }
              }
            }
          }
        }
      }
    },
    "/api/backoffice/Users/users": {
      "get": {
        "tags": [
          "Users"
        ],
        "operationId": "Users_GetSimpleUsers",
        "responses": {
          "400": {
            "description": "",
            "content": {
              "application/json": {
                "schema": {
                  "$ref": "#/components/schemas/ErrorDetails"
                }
              }
            }
          },
          "401": {
            "description": "",
            "content": {
              "application/json": {
                "schema": {
                  "$ref": "#/components/schemas/ErrorDetails"
                }
              }
            }
          },
          "403": {
            "description": "",
            "content": {
              "application/json": {
                "schema": {
                  "$ref": "#/components/schemas/ErrorDetails"
                }
              }
            }
          },
          "404": {
            "description": "",
            "content": {
              "application/json": {
                "schema": {
                  "$ref": "#/components/schemas/ErrorDetails"
                }
              }
            }
          },
          "default": {
            "description": "",
            "content": {
              "application/json": {
                "schema": {
                  "type": "array",
                  "items": {
                    "$ref": "#/components/schemas/RegisterResponse"
                  }
                }
              }
            }
          }
        }
      }
    },
    "/api/backoffice/Users/admins/{adminId}": {
      "put": {
        "tags": [
          "Users"
        ],
        "operationId": "Users_UpdateAdmin",
        "parameters": [
          {
            "name": "adminId",
            "in": "path",
            "required": true,
            "schema": {
              "type": "integer",
              "format": "int32"
            },
            "x-position": 1
          }
        ],
        "requestBody": {
          "x-name": "model",
          "content": {
            "application/json": {
              "schema": {
                "$ref": "#/components/schemas/UpdateWorkerModel"
              }
            }
          },
          "required": true,
          "x-position": 2
        },
        "responses": {
          "400": {
            "description": "",
            "content": {
              "application/json": {
                "schema": {
                  "$ref": "#/components/schemas/ErrorDetails"
                }
              }
            }
          },
          "401": {
            "description": "",
            "content": {
              "application/json": {
                "schema": {
                  "$ref": "#/components/schemas/ErrorDetails"
                }
              }
            }
          },
          "403": {
            "description": "",
            "content": {
              "application/json": {
                "schema": {
                  "$ref": "#/components/schemas/ErrorDetails"
                }
              }
            }
          },
          "404": {
            "description": "",
            "content": {
              "application/json": {
                "schema": {
                  "$ref": "#/components/schemas/ErrorDetails"
                }
              }
            }
          }
        }
      }
    },
    "/api/backoffice/Users/employees/{employeeId}": {
      "put": {
        "tags": [
          "Users"
        ],
        "operationId": "Users_UpdateEmployee",
        "parameters": [
          {
            "name": "employeeId",
            "in": "path",
            "required": true,
            "schema": {
              "type": "integer",
              "format": "int32"
            },
            "x-position": 1
          }
        ],
        "requestBody": {
          "x-name": "model",
          "content": {
            "application/json": {
              "schema": {
                "$ref": "#/components/schemas/UpdateWorkerModel"
              }
            }
          },
          "required": true,
          "x-position": 2
        },
        "responses": {
          "400": {
            "description": "",
            "content": {
              "application/json": {
                "schema": {
                  "$ref": "#/components/schemas/ErrorDetails"
                }
              }
            }
          },
          "401": {
            "description": "",
            "content": {
              "application/json": {
                "schema": {
                  "$ref": "#/components/schemas/ErrorDetails"
                }
              }
            }
          },
          "403": {
            "description": "",
            "content": {
              "application/json": {
                "schema": {
                  "$ref": "#/components/schemas/ErrorDetails"
                }
              }
            }
          },
          "404": {
            "description": "",
            "content": {
              "application/json": {
                "schema": {
                  "$ref": "#/components/schemas/ErrorDetails"
                }
              }
            }
          }
        }
      }
    }
  },
  "components": {
    "schemas": {
      "ErrorDetails": {
        "type": "object",
        "additionalProperties": false,
        "properties": {
          "statusCode": {
            "type": "integer",
            "format": "int32"
          },
          "message": {
            "type": "string",
            "nullable": true
          }
        }
      },
      "LoginResponse": {
        "type": "object",
        "additionalProperties": false,
        "properties": {
          "token": {
            "type": "string",
            "nullable": true
          }
        }
      },
      "LoginModel": {
        "type": "object",
        "additionalProperties": false,
        "properties": {
          "username": {
            "type": "string",
            "nullable": true
          },
          "password": {
            "type": "string",
            "nullable": true
          }
        }
      },
      "RegisterResponse": {
        "type": "object",
        "additionalProperties": false,
        "properties": {
          "id": {
            "type": "integer",
            "format": "int32"
          },
          "userName": {
            "type": "string",
            "nullable": true
          },
          "email": {
            "type": "string",
            "nullable": true
          }
        }
      },
      "RegisterModel": {
        "type": "object",
        "additionalProperties": false,
        "properties": {
          "userName": {
            "type": "string",
            "nullable": true
          },
          "email": {
            "type": "string",
            "nullable": true
          },
          "password": {
            "type": "string",
            "nullable": true
          }
        }
      },
      "UpdateUserModel": {
        "type": "object",
        "additionalProperties": false,
        "properties": {
          "email": {
            "type": "string",
            "nullable": true
          }
        }
      },
      "UserTicketDto": {
        "type": "object",
        "additionalProperties": false,
        "properties": {
          "id": {
            "type": "integer",
            "format": "int32"
          },
          "number": {
            "type": "integer",
            "format": "int32"
          },
          "visibleNumber": {
            "type": "string",
            "nullable": true
          },
          "queue": {
            "type": "string",
            "nullable": true
          },
          "queueId": {
            "type": "integer",
            "format": "int32",
            "nullable": true
          },
          "worksite": {
            "type": "string",
            "nullable": true
          },
          "worksiteId": {
            "type": "integer",
            "format": "int32",
            "nullable": true
          },
          "company": {
            "type": "string",
            "nullable": true
          },
          "companyId": {
            "type": "integer",
            "format": "int32",
            "nullable": true
          },
          "numOfTicketsBeforeThis": {
            "type": "integer",
            "format": "int32"
          }
        }
      },
      "CompanyDto": {
        "type": "object",
        "additionalProperties": false,
        "properties": {
          "id": {
            "type": "integer",
            "format": "int32"
          },
          "name": {
            "type": "string",
            "nullable": true
          },
          "address": {
            "type": "string",
            "nullable": true
          },
          "adminName": {
            "type": "string",
            "nullable": true
          },
          "adminId": {
            "type": "integer",
            "format": "int32",
            "nullable": true
          },
          "numberOfSites": {
            "type": "integer",
            "format": "int32"
          },
          "numberOfEmployees": {
            "type": "integer",
            "format": "int32"
          }
        }
      },
      "CompanyModel": {
        "type": "object",
        "additionalProperties": false,
        "properties": {
          "name": {
            "type": "string",
            "nullable": true
          },
          "address": {
            "type": "string",
            "nullable": true
          }
        }
      },
      "EmployeeDto": {
        "type": "object",
        "additionalProperties": false,
        "properties": {
          "id": {
            "type": "integer",
            "format": "int32"
          },
          "userName": {
            "type": "string",
            "nullable": true
          },
          "firstName": {
            "type": "string",
            "nullable": true
          },
          "lastName": {
            "type": "string",
            "nullable": true
          },
          "email": {
            "type": "string",
            "nullable": true
          },
          "gender": {
            "$ref": "#/components/schemas/Gender"
          },
          "address": {
            "type": "string",
            "nullable": true
          },
          "company": {
            "type": "string",
            "nullable": true
          },
          "companyId": {
            "type": "integer",
            "format": "int32",
            "nullable": true
          },
          "worksite": {
            "type": "string",
            "nullable": true
          },
          "worksiteId": {
            "type": "integer",
            "format": "int32",
            "nullable": true
          },
          "assignedQueue": {
            "type": "string",
            "nullable": true
          },
          "assignedQueueId": {
            "type": "integer",
            "format": "int32",
            "nullable": true
          }
        }
      },
      "Gender": {
        "type": "string",
        "description": "",
        "x-enumNames": [
          "Male",
          "Female",
          "Other"
        ],
        "enum": [
          "Male",
          "Female",
          "Other"
        ]
      },
      "ManagerDto": {
        "type": "object",
        "additionalProperties": false,
        "properties": {
          "id": {
            "type": "integer",
            "format": "int32"
          },
          "userName": {
            "type": "string",
            "nullable": true
          },
          "firstName": {
            "type": "string",
            "nullable": true
          },
          "lastName": {
            "type": "string",
            "nullable": true
          },
          "email": {
            "type": "string",
            "nullable": true
          },
          "gender": {
            "$ref": "#/components/schemas/Gender"
          },
          "address": {
            "type": "string",
            "nullable": true
          },
          "company": {
            "type": "string",
            "nullable": true
          },
          "companyId": {
            "type": "integer",
            "format": "int32",
            "nullable": true
          },
          "managedWorksite": {
            "type": "string",
            "nullable": true
          },
          "managedWorksiteId": {
            "type": "integer",
            "format": "int32",
            "nullable": true
          }
        }
      },
      "QueueTypeDto": {
        "type": "object",
        "additionalProperties": false,
        "properties": {
          "id": {
            "type": "integer",
            "format": "int32"
          },
          "name": {
            "type": "string",
            "nullable": true
          },
          "numOfQueues": {
            "type": "integer",
            "format": "int32"
          }
        }
      },
      "SiteDto": {
        "type": "object",
        "additionalProperties": false,
        "properties": {
          "id": {
            "type": "integer",
            "format": "int32"
          },
          "name": {
            "type": "string",
            "nullable": true
          },
          "address": {
            "type": "string",
            "nullable": true
          },
          "managerName": {
            "type": "string",
            "nullable": true
          },
          "managerId": {
            "type": "integer",
            "format": "int32",
            "nullable": true
          },
          "numberOfEmployees": {
            "type": "integer",
            "format": "int32"
          }
        }
      },
      "QueueDto": {
        "type": "object",
        "additionalProperties": false,
        "properties": {
          "id": {
            "type": "integer",
            "format": "int32"
          },
          "queueType": {
            "type": "string",
            "nullable": true
          },
          "queueTypeId": {
            "type": "integer",
            "format": "int32"
          },
          "nextNumber": {
            "type": "integer",
            "format": "int32"
          },
          "worksite": {
            "type": "string",
            "nullable": true
          },
          "prefix": {
            "type": "string",
            "nullable": true
          },
          "step": {
            "type": "integer",
            "format": "int32"
          },
          "worksiteId": {
            "type": "integer",
            "format": "int32"
          },
          "numOfAssignedEmployees": {
            "type": "integer",
            "format": "int32"
          },
          "numOfActiveTickets": {
            "type": "integer",
            "format": "int32"
          },
          "maxActiveTicketsPerUser": {
            "type": "integer",
            "format": "int32"
          }
        }
      },
      "QueueModel": {
        "type": "object",
        "additionalProperties": false,
        "properties": {
          "typeId": {
            "type": "integer",
            "format": "int32"
          },
          "nextNumber": {
            "type": "integer",
            "format": "int32"
          },
          "prefix": {
            "type": "string",
            "nullable": true
          },
          "step": {
            "type": "integer",
            "format": "int32"
          },
          "maxActiveTicketsPerUser": {
            "type": "integer",
            "format": "int32"
          }
        }
      },
      "CompanyTicketDto": {
        "type": "object",
        "additionalProperties": false,
        "properties": {
          "id": {
            "type": "integer",
            "format": "int32"
          },
          "number": {
            "type": "integer",
            "format": "int32"
          },
          "visibleNumber": {
            "type": "string",
            "nullable": true
          },
          "ownerId": {
            "type": "integer",
            "format": "int32"
          },
          "ownerUserName": {
            "type": "string",
            "nullable": true
          },
          "created": {
            "type": "string",
            "format": "date-time"
          }
        }
      },
      "QueueTypeModel": {
        "type": "object",
        "additionalProperties": false,
        "properties": {
          "name": {
            "type": "string",
            "nullable": true
          }
        }
      },
      "SiteModel": {
        "type": "object",
        "additionalProperties": false,
        "properties": {
          "name": {
            "type": "string",
            "nullable": true
          },
          "address": {
            "type": "string",
            "nullable": true
          }
        }
      },
      "AdministratorDto": {
        "type": "object",
        "additionalProperties": false,
        "properties": {
          "id": {
            "type": "integer",
            "format": "int32"
          },
          "userName": {
            "type": "string",
            "nullable": true
          },
          "firstName": {
            "type": "string",
            "nullable": true
          },
          "lastName": {
            "type": "string",
            "nullable": true
          },
          "email": {
            "type": "string",
            "nullable": true
          },
          "gender": {
            "$ref": "#/components/schemas/Gender"
          },
          "address": {
            "type": "string",
            "nullable": true
          },
          "administratedCompany": {
            "type": "string",
            "nullable": true
          },
          "administratedCompanyId": {
            "type": "integer",
            "format": "int32",
            "nullable": true
          }
        }
      },
      "CreateWorkerModel": {
        "type": "object",
        "additionalProperties": false,
        "properties": {
          "userName": {
            "type": "string",
            "nullable": true
          },
          "email": {
            "type": "string",
            "nullable": true
          },
          "firstName": {
            "type": "string",
            "nullable": true
          },
          "lastName": {
            "type": "string",
            "nullable": true
          },
          "address": {
            "type": "string",
            "nullable": true
          },
          "password": {
            "type": "string",
            "nullable": true
          },
          "gender": {
            "type": "string",
            "nullable": true
          },
          "genderEnum": {
            "nullable": true,
            "oneOf": [
              {
                "$ref": "#/components/schemas/Gender"
              }
            ]
          }
        }
      },
      "UpdateWorkerModel": {
        "type": "object",
        "additionalProperties": false,
        "properties": {
          "email": {
            "type": "string",
            "nullable": true
          },
          "firstName": {
            "type": "string",
            "nullable": true
          },
          "lastName": {
            "type": "string",
            "nullable": true
          },
          "address": {
            "type": "string",
            "nullable": true
          },
          "gender": {
            "type": "string",
            "nullable": true
          },
          "genderEnum": {
            "nullable": true,
            "oneOf": [
              {
                "$ref": "#/components/schemas/Gender"
              }
            ]
          }
        }
      }
    },
    "securitySchemes": {
      "JWT": {
        "type": "apiKey",
        "description": "Type into the textbox: Bearer {your JWT token}.",
        "name": "Authorization",
        "in": "header"
      }
    }
  },
  "security": [
    {
      "JWT": []
    }
  ]
}