{
  "x-generator": "NSwag v13.9.4.0 (NJsonSchema v10.3.1.0 (Newtonsoft.Json v12.0.0.0))",
  "openapi": "3.0.0",
  "info": {
    "title": "QueR Mobile API",
    "description": "QueR Mobile API documentation for development purposes.",
    "version": "1.0.0"
  },
  "paths": {
    "/api/mobile/Companies": {
      "get": {
        "tags": [
          "Companies"
        ],
        "operationId": "Companies_GetCompaniesForUser",
        "responses": {
          "400": {
            "description": "",
            "content": {
              "application/json": {
                "schema": {
                  "$ref": "#/components/schemas/ErrorDetails"
                }
              }
            }
          },
          "401": {
            "description": "",
            "content": {
              "application/json": {
                "schema": {
                  "$ref": "#/components/schemas/ErrorDetails"
                }
              }
            }
          },
          "403": {
            "description": "",
            "content": {
              "application/json": {
                "schema": {
                  "$ref": "#/components/schemas/ErrorDetails"
                }
              }
            }
          },
          "404": {
            "description": "",
            "content": {
              "application/json": {
                "schema": {
                  "$ref": "#/components/schemas/ErrorDetails"
                }
              }
            }
          },
          "default": {
            "description": "",
            "content": {
              "application/json": {
                "schema": {
                  "type": "array",
                  "items": {
                    "$ref": "#/components/schemas/UserCompanyDto"
                  }
                }
              }
            }
          }
        }
      }
    },
    "/api/mobile/Companies/{companyId}/sites": {
      "get": {
        "tags": [
          "Companies"
        ],
        "operationId": "Companies_GetSitesOfCompanyForUser",
        "parameters": [
          {
            "name": "companyId",
            "in": "path",
            "required": true,
            "schema": {
              "type": "integer",
              "format": "int32"
            },
            "x-position": 1
          }
        ],
        "responses": {
          "400": {
            "description": "",
            "content": {
              "application/json": {
                "schema": {
                  "$ref": "#/components/schemas/ErrorDetails"
                }
              }
            }
          },
          "401": {
            "description": "",
            "content": {
              "application/json": {
                "schema": {
                  "$ref": "#/components/schemas/ErrorDetails"
                }
              }
            }
          },
          "403": {
            "description": "",
            "content": {
              "application/json": {
                "schema": {
                  "$ref": "#/components/schemas/ErrorDetails"
                }
              }
            }
          },
          "404": {
            "description": "",
            "content": {
              "application/json": {
                "schema": {
                  "$ref": "#/components/schemas/ErrorDetails"
                }
              }
            }
          },
          "default": {
            "description": "",
            "content": {
              "application/json": {
                "schema": {
                  "type": "array",
                  "items": {
                    "$ref": "#/components/schemas/UserSiteDto"
                  }
                }
              }
            }
          }
        }
      }
    },
    "/api/mobile/Sites/{worksiteId}/queues": {
      "get": {
        "tags": [
          "Sites"
        ],
        "operationId": "Sites_GetQueuesOfSiteForUser",
        "parameters": [
          {
            "name": "worksiteId",
            "in": "path",
            "required": true,
            "schema": {
              "type": "integer",
              "format": "int32"
            },
            "x-position": 1
          }
        ],
        "responses": {
          "400": {
            "description": "",
            "content": {
              "application/json": {
                "schema": {
                  "$ref": "#/components/schemas/ErrorDetails"
                }
              }
            }
          },
          "401": {
            "description": "",
            "content": {
              "application/json": {
                "schema": {
                  "$ref": "#/components/schemas/ErrorDetails"
                }
              }
            }
          },
          "403": {
            "description": "",
            "content": {
              "application/json": {
                "schema": {
                  "$ref": "#/components/schemas/ErrorDetails"
                }
              }
            }
          },
          "404": {
            "description": "",
            "content": {
              "application/json": {
                "schema": {
                  "$ref": "#/components/schemas/ErrorDetails"
                }
              }
            }
          },
          "default": {
            "description": "",
            "content": {
              "application/json": {
                "schema": {
                  "type": "array",
                  "items": {
                    "$ref": "#/components/schemas/UserQueueDto"
                  }
                }
              }
            }
          }
        }
      }
    },
    "/api/mobile/Tickets": {
      "post": {
        "tags": [
          "Tickets"
        ],
        "operationId": "Tickets_CreateTicket",
        "requestBody": {
          "x-name": "model",
          "content": {
            "application/json": {
              "schema": {
                "$ref": "#/components/schemas/TicketModel"
              }
            }
          },
          "required": true,
          "x-position": 1
        },
        "responses": {
          "400": {
            "description": "",
            "content": {
              "application/json": {
                "schema": {
                  "$ref": "#/components/schemas/ErrorDetails"
                }
              }
            }
          },
          "401": {
            "description": "",
            "content": {
              "application/json": {
                "schema": {
                  "$ref": "#/components/schemas/ErrorDetails"
                }
              }
            }
          },
          "403": {
            "description": "",
            "content": {
              "application/json": {
                "schema": {
                  "$ref": "#/components/schemas/ErrorDetails"
                }
              }
            }
          },
          "404": {
            "description": "",
            "content": {
              "application/json": {
                "schema": {
                  "$ref": "#/components/schemas/ErrorDetails"
                }
              }
            }
          },
          "default": {
            "description": "",
            "content": {
              "application/json": {
                "schema": {
                  "$ref": "#/components/schemas/UserTicketDto"
                }
              }
            }
          }
        }
      }
    },
    "/api/Identity/login": {
      "post": {
        "tags": [
          "Identity"
        ],
        "operationId": "Identity_Login",
        "requestBody": {
          "x-name": "model",
          "content": {
            "application/json": {
              "schema": {
                "$ref": "#/components/schemas/LoginModel"
              }
            }
          },
          "required": true,
          "x-position": 1
        },
        "responses": {
          "400": {
            "description": "",
            "content": {
              "application/json": {
                "schema": {
                  "$ref": "#/components/schemas/ErrorDetails"
                }
              }
            }
          },
          "401": {
            "description": "",
            "content": {
              "application/json": {
                "schema": {
                  "$ref": "#/components/schemas/ErrorDetails"
                }
              }
            }
          },
          "403": {
            "description": "",
            "content": {
              "application/json": {
                "schema": {
                  "$ref": "#/components/schemas/ErrorDetails"
                }
              }
            }
          },
          "404": {
            "description": "",
            "content": {
              "application/json": {
                "schema": {
                  "$ref": "#/components/schemas/ErrorDetails"
                }
              }
            }
          },
          "default": {
            "description": "",
            "content": {
              "application/json": {
                "schema": {
                  "$ref": "#/components/schemas/LoginResponse"
                }
              }
            }
          }
        }
      }
    },
    "/api/Identity/register": {
      "post": {
        "tags": [
          "Identity"
        ],
        "operationId": "Identity_Register",
        "requestBody": {
          "x-name": "model",
          "content": {
            "application/json": {
              "schema": {
                "$ref": "#/components/schemas/RegisterModel"
              }
            }
          },
          "required": true,
          "x-position": 1
        },
        "responses": {
          "400": {
            "description": "",
            "content": {
              "application/json": {
                "schema": {
                  "$ref": "#/components/schemas/ErrorDetails"
                }
              }
            }
          },
          "401": {
            "description": "",
            "content": {
              "application/json": {
                "schema": {
                  "$ref": "#/components/schemas/ErrorDetails"
                }
              }
            }
          },
          "403": {
            "description": "",
            "content": {
              "application/json": {
                "schema": {
                  "$ref": "#/components/schemas/ErrorDetails"
                }
              }
            }
          },
          "404": {
            "description": "",
            "content": {
              "application/json": {
                "schema": {
                  "$ref": "#/components/schemas/ErrorDetails"
                }
              }
            }
          },
          "default": {
            "description": "",
            "content": {
              "application/json": {
                "schema": {
                  "$ref": "#/components/schemas/RegisterResponse"
                }
              }
            }
          }
        }
      }
    },
    "/api/Identity/update": {
      "put": {
        "tags": [
          "Identity"
        ],
        "operationId": "Identity_UpdateUser",
        "requestBody": {
          "x-name": "model",
          "content": {
            "application/json": {
              "schema": {
                "$ref": "#/components/schemas/UpdateUserModel"
              }
            }
          },
          "required": true,
          "x-position": 1
        },
        "responses": {
          "400": {
            "description": "",
            "content": {
              "application/json": {
                "schema": {
                  "$ref": "#/components/schemas/ErrorDetails"
                }
              }
            }
          },
          "401": {
            "description": "",
            "content": {
              "application/json": {
                "schema": {
                  "$ref": "#/components/schemas/ErrorDetails"
                }
              }
            }
          },
          "403": {
            "description": "",
            "content": {
              "application/json": {
                "schema": {
                  "$ref": "#/components/schemas/ErrorDetails"
                }
              }
            }
          },
          "404": {
            "description": "",
            "content": {
              "application/json": {
                "schema": {
                  "$ref": "#/components/schemas/ErrorDetails"
                }
              }
            }
          }
        }
      }
    },
    "/api/Identity/tickets": {
      "get": {
        "tags": [
          "Identity"
        ],
        "operationId": "Identity_GetOwnTicketsForUser",
        "responses": {
          "400": {
            "description": "",
            "content": {
              "application/json": {
                "schema": {
                  "$ref": "#/components/schemas/ErrorDetails"
                }
              }
            }
          },
          "401": {
            "description": "",
            "content": {
              "application/json": {
                "schema": {
                  "$ref": "#/components/schemas/ErrorDetails"
                }
              }
            }
          },
          "403": {
            "description": "",
            "content": {
              "application/json": {
                "schema": {
                  "$ref": "#/components/schemas/ErrorDetails"
                }
              }
            }
          },
          "404": {
            "description": "",
            "content": {
              "application/json": {
                "schema": {
                  "$ref": "#/components/schemas/ErrorDetails"
                }
              }
            }
          },
          "default": {
            "description": "",
            "content": {
              "application/json": {
                "schema": {
                  "type": "array",
                  "items": {
                    "$ref": "#/components/schemas/UserTicketDto"
                  }
                }
              }
            }
          }
        }
      }
    }
  },
  "components": {
    "schemas": {
      "ErrorDetails": {
        "type": "object",
        "additionalProperties": false,
        "properties": {
          "statusCode": {
            "type": "integer",
            "format": "int32"
          },
          "message": {
            "type": "string",
            "nullable": true
          }
        }
      },
      "UserCompanyDto": {
        "type": "object",
        "additionalProperties": false,
        "properties": {
          "id": {
            "type": "integer",
            "format": "int32"
          },
          "name": {
            "type": "string",
            "nullable": true
          },
          "address": {
            "type": "string",
            "nullable": true
          }
        }
      },
      "UserSiteDto": {
        "type": "object",
        "additionalProperties": false,
        "properties": {
          "id": {
            "type": "integer",
            "format": "int32"
          },
          "name": {
            "type": "string",
            "nullable": true
          },
          "address": {
            "type": "string",
            "nullable": true
          }
        }
      },
      "UserQueueDto": {
        "type": "object",
        "additionalProperties": false,
        "properties": {
          "id": {
            "type": "integer",
            "format": "int32"
          },
          "queueType": {
            "type": "string",
            "nullable": true
          },
          "numOfActiveTickets": {
            "type": "integer",
            "format": "int32"
          }
        }
      },
      "UserTicketDto": {
        "type": "object",
        "additionalProperties": false,
        "properties": {
          "id": {
            "type": "integer",
            "format": "int32"
          },
          "number": {
            "type": "integer",
            "format": "int32"
          },
          "visibleNumber": {
            "type": "string",
            "nullable": true
          },
          "queue": {
            "type": "string",
            "nullable": true
          },
          "queueId": {
            "type": "integer",
            "format": "int32",
            "nullable": true
          },
          "worksite": {
            "type": "string",
            "nullable": true
          },
          "worksiteId": {
            "type": "integer",
            "format": "int32",
            "nullable": true
          },
          "company": {
            "type": "string",
            "nullable": true
          },
          "companyId": {
            "type": "integer",
            "format": "int32",
            "nullable": true
          },
          "numOfTicketsBeforeThis": {
            "type": "integer",
            "format": "int32"
          }
        }
      },
      "TicketModel": {
        "type": "object",
        "additionalProperties": false,
        "properties": {
          "queueId": {
            "type": "integer",
            "format": "int32"
          }
        }
      },
      "LoginResponse": {
        "type": "object",
        "additionalProperties": false,
        "properties": {
          "token": {
            "type": "string",
            "nullable": true
          }
        }
      },
      "LoginModel": {
        "type": "object",
        "additionalProperties": false,
        "properties": {
          "username": {
            "type": "string",
            "nullable": true
          },
          "password": {
            "type": "string",
            "nullable": true
          }
        }
      },
      "RegisterResponse": {
        "type": "object",
        "additionalProperties": false,
        "properties": {
          "id": {
            "type": "integer",
            "format": "int32"
          },
          "userName": {
            "type": "string",
            "nullable": true
          },
          "email": {
            "type": "string",
            "nullable": true
          }
        }
      },
      "RegisterModel": {
        "type": "object",
        "additionalProperties": false,
        "properties": {
          "userName": {
            "type": "string",
            "nullable": true
          },
          "email": {
            "type": "string",
            "nullable": true
          },
          "password": {
            "type": "string",
            "nullable": true
          }
        }
      },
      "UpdateUserModel": {
        "type": "object",
        "additionalProperties": false,
        "properties": {
          "email": {
            "type": "string",
            "nullable": true
          }
        }
      }
    },
    "securitySchemes": {
      "JWT": {
        "type": "apiKey",
        "description": "Type into the textbox: Bearer {your JWT token}.",
        "name": "Authorization",
        "in": "header"
      }
    }
  },
  "security": [
    {
      "JWT": []
    }
  ]
}